
{
    "SciMark2: SMM": 
    {
        "collective": 
        [
            4.2684650832434647e-10,
             2.970357749532278e-05,
             0.06328615223303437
        ],
         "individual": 
        {
            "TIMING_ERROR_PROB_PERCENT-3": 
            [
                0.0,
                 0.0,
                 0.04483632969159044
            ],
             "TIMING_ERROR_PROB_PERCENT-2": 
            [
                0.0,
                 0.0,
                 0.06751424216647721
            ],
             "TIMING_ERROR_PROB_PERCENT-1": 
            [
                0.0,
                 0.0,
                 0.010000000065740039
            ],
             "INVPROB_SRAM_WRITE_FAILURE": 
            [
                3.749707810196274e-16,
                 0.0,
                 0.02000000345142891
            ],
             "MB_DOUBLE_APPROX": 
            [
                4.2684650832434647e-10,
                 2.970357749532278e-05,
                 0.007142286045878392
            ],
             "MB_FLOAT_APPROX": 
            [
                0.0,
                 0.0,
                 0.0
            ],
             "INVPROB_DRAM_FLIP_PER_SECOND": 
            [
                0.0,
                 0.0,
                 1.7831874786204536e-10
            ],
             "INVPROB_SRAM_READ_UPSET": 
            [
                0.0,
                 0.0,
                 6.569853568715228e-12
            ]
        },
         "approximateness": 
        {
            "stores": 
            [
                9834,
                 7060
            ],
             "fpu": 
            [
                61,
                 10000
            ],
             "heap": 
            [
                55713,
                 87440
            ],
             "loads": 
            [
                61954,
                 16000
            ],
             "alu": 
            [
                15311,
                 0
            ],
             "stack": 
            [
                732896,
                 442272
            ]
        }
    },
     "SciMark2: FFT": 
    {
        "collective": 
        [
            0.11947499420790253,
             0.882686482267719,
             0.9956848645868291
        ],
         "individual": 
        {
            "TIMING_ERROR_PROB_PERCENT-3": 
            [
                0.004334372758557824,
                 0.14211856757705693,
                 0.9148029109470841
            ],
             "TIMING_ERROR_PROB_PERCENT-2": 
            [
                0.0,
                 0.8098626712105386,
                 0.995083019203487
            ],
             "TIMING_ERROR_PROB_PERCENT-1": 
            [
                2.81052228365275e-11,
                 0.10202104254060491,
                 0.9705295793984419
            ],
             "INVPROB_SRAM_WRITE_FAILURE": 
            [
                0.06545599557772308,
                 0.15662903897007813,
                 1.0
            ],
             "MB_DOUBLE_APPROX": 
            [
                3.4639961741037006e-08,
                 0.0022869998438552275,
                 0.3018560046653773
            ],
             "MB_FLOAT_APPROX": 
            [
                0.0,
                 0.0,
                 0.0
            ],
             "INVPROB_DRAM_FLIP_PER_SECOND": 
            [
                0.0,
                 0.0,
                 1.951824197057861e-10
            ],
             "INVPROB_SRAM_READ_UPSET": 
            [
                0.0,
                 7.277074776101955e-13,
                 0.40538529141269875
            ]
        },
         "approximateness": 
        {
            "stores": 
            [
                51556,
                 69464
            ],
             "fpu": 
            [
                33,
                 72500
            ],
             "heap": 
            [
                91643,
                 325120
            ],
             "loads": 
            [
                280516,
                 116900
            ],
             "alu": 
            [
                117179,
                 0
            ],
             "stack": 
            [
                37407608,
                 78199840
            ]
        }
    },
     "SciMark2: LU": 
    {
        "collective": 
        [
            3.707586293533184e-10,
             0.051845306900192255,
             0.7961009317864284
        ],
         "individual": 
        {
            "TIMING_ERROR_PROB_PERCENT-3": 
            [
                0.0,
                 0.0013368843334780718,
                 0.436748317357093
            ],
             "TIMING_ERROR_PROB_PERCENT-2": 
            [
                0.0,
                 0.006849697559258983,
                 0.6905127236851004
            ],
             "TIMING_ERROR_PROB_PERCENT-1": 
            [
                0.0,
                 0.010000000000019653,
                 0.07415212070880922
            ],
             "INVPROB_SRAM_WRITE_FAILURE": 
            [
                0.0,
                 1.8626928055542892e-11,
                 0.053466941177705916
            ],
             "MB_DOUBLE_APPROX": 
            [
                3.707586293533184e-10,
                 3.434944872459656e-05,
                 0.006787858101347926
            ],
             "MB_FLOAT_APPROX": 
            [
                0.0,
                 0.0,
                 0.0
            ],
             "INVPROB_DRAM_FLIP_PER_SECOND": 
            [
                0.0,
                 0.0,
                 0.0
            ],
             "INVPROB_SRAM_READ_UPSET": 
            [
                0.0,
                 0.0,
                 4.1320991073234836e-12
            ]
        },
         "approximateness": 
        {
            "stores": 
            [
                75262,
                 55480
            ],
             "fpu": 
            [
                111,
                 62790
            ],
             "heap": 
            [
                114948,
                 1016000
            ],
             "loads": 
            [
                459692,
                 107210
            ],
             "alu": 
            [
                137199,
                 0
            ],
             "stack": 
            [
                47704052,
                 29433408
            ]
        }
    },
     "SciMark2: MonteCarlo": 
    {
        "collective": 
        [
            0.0,
             0.00012831479897348522,
             0.0032506434767346215
        ],
         "individual": 
        {
            "TIMING_ERROR_PROB_PERCENT-3": 
            [
                0.0,
                 8.554319931565447e-05,
                 0.0030795551753635816
            ],
             "TIMING_ERROR_PROB_PERCENT-2": 
            [
                0.0,
                 0.00017108639863130183,
                 0.003421727972626192
            ],
             "TIMING_ERROR_PROB_PERCENT-1": 
            [
                0.0,
                 0.0,
                 0.00029940119760476586
            ],
             "INVPROB_SRAM_WRITE_FAILURE": 
            [
                0.0,
                 0.0,
                 0.003592814371257516
            ],
             "MB_DOUBLE_APPROX": 
            [
                0.0,
                 0.0,
                 0.005132591958939268
            ],
             "MB_FLOAT_APPROX": 
            [
                0.0,
                 0.0,
                 0.0
            ],
             "INVPROB_DRAM_FLIP_PER_SECOND": 
            [
                0.0,
                 0.0,
                 0.0
            ],
             "INVPROB_SRAM_READ_UPSET": 
            [
                0.0,
                 0.0,
                 4.277159965783077e-05
            ]
        },